<annotation>
  <folder>input</folder>
  <filename>57267564_459118238166279_5218016773625872384_n.jpg</filename>
  <path>/media/binhmuc/Binhmuc/congviec/forThien/OpenLabeling/main/input/57267564_459118238166279_5218016773625872384_n.jpg</path>
  <source>
    <database>Unknown</database>
  </source>
  <size>
    <width>992</width>
    <height>1334</height>
    <depth>3</depth>
  </size>
  <segmented>0</segmented>
  <object>
    <name>car</name>
    <pose>Unspecified</pose>
    <truncated>0</truncated>
    <difficult>0</difficult>
    <bndbox>
      <xmin>284</xmin>
      <ymin>284</ymin>
      <xmax>590</xmax>
      <ymax>780</ymax>
    </bndbox>
  </object>
</annotation>
