<annotation>
  <folder>input</folder>
  <filename>59418996_440609593340821_2435175121720180736_n.jpg</filename>
  <path>/media/binhmuc/Binhmuc/congviec/forThien/OpenLabeling/main/input/59418996_440609593340821_2435175121720180736_n.jpg</path>
  <source>
    <database>Unknown</database>
  </source>
  <size>
    <width>992</width>
    <height>1334</height>
    <depth>3</depth>
  </size>
  <segmented>0</segmented>
  <object>
    <name>car</name>
    <pose>Unspecified</pose>
    <truncated>0</truncated>
    <difficult>0</difficult>
    <bndbox>
      <xmin>323</xmin>
      <ymin>421</ymin>
      <xmax>643</xmax>
      <ymax>806</ymax>
    </bndbox>
  </object>
</annotation>
