<annotation>
  <folder>input</folder>
  <filename>59519910_345904719397338_5270313283264446464_n.jpg</filename>
  <path>/media/binhmuc/Binhmuc/congviec/forThien/OpenLabeling/main/input/59519910_345904719397338_5270313283264446464_n.jpg</path>
  <source>
    <database>Unknown</database>
  </source>
  <size>
    <width>992</width>
    <height>1334</height>
    <depth>3</depth>
  </size>
  <segmented>0</segmented>
  <object>
    <name>car</name>
    <pose>Unspecified</pose>
    <truncated>0</truncated>
    <difficult>0</difficult>
    <bndbox>
      <xmin>56</xmin>
      <ymin>240</ymin>
      <xmax>506</xmax>
      <ymax>829</ymax>
    </bndbox>
  </object>
</annotation>
