<annotation>
  <folder>input</folder>
  <filename>59523644_2185860995057668_7449076422166970368_n.jpg</filename>
  <path>/media/binhmuc/Binhmuc/congviec/forThien/OpenLabeling/main/input/59523644_2185860995057668_7449076422166970368_n.jpg</path>
  <source>
    <database>Unknown</database>
  </source>
  <size>
    <width>992</width>
    <height>1334</height>
    <depth>3</depth>
  </size>
  <segmented>0</segmented>
  <object>
    <name>car</name>
    <pose>Unspecified</pose>
    <truncated>0</truncated>
    <difficult>0</difficult>
    <bndbox>
      <xmin>203</xmin>
      <ymin>158</ymin>
      <xmax>507</xmax>
      <ymax>838</ymax>
    </bndbox>
  </object>
</annotation>
