<annotation>
  <folder>input</folder>
  <filename>59930327_358597691452234_3342566007578296320_n.jpg</filename>
  <path>/media/binhmuc/Binhmuc/congviec/forThien/OpenLabeling/main/input/59930327_358597691452234_3342566007578296320_n.jpg</path>
  <source>
    <database>Unknown</database>
  </source>
  <size>
    <width>992</width>
    <height>1334</height>
    <depth>3</depth>
  </size>
  <segmented>0</segmented>
  <object>
    <name>car</name>
    <pose>Unspecified</pose>
    <truncated>0</truncated>
    <difficult>0</difficult>
    <bndbox>
      <xmin>350</xmin>
      <ymin>520</ymin>
      <xmax>617</xmax>
      <ymax>1113</ymax>
    </bndbox>
  </object>
</annotation>
